{"cameraMode":{"drawMode":0,"name":"Shaded","section":"Shading Mode"},"sceneLighting":false,"audioPlay":false,"sceneViewState":{"m_AlwaysRefresh":false,"showFog":true,"showSkybox":false,"showFlares":true,"showImageEffects":true,"showParticleSystems":true,"showVisualEffectGraphs":true,"m_FxEnabled":true},"in2DMode":false,"pivot":{"x":432.20001220703127,"y":582.5935668945313,"z":2558.699951171875},"rotation":{"x":-0.19376307725906373,"y":-0.006779157556593418,"z":0.0013297515688464046,"w":-0.9810323715209961},"size":77.0877456665039,"orthographic":false}